
---

### 2. `database-script-0x02/seed.sql`

```sql
-- ALX Airbnb Database Seeding Script
-- PostgreSQL Flavor

-- Note: This script assumes the schema from database-script-0x01/schema.sql has been applied.
-- It also assumes the uuid-ossp extension is enabled.

-- For clarity and explicit FK linking within this script, we will provide UUIDs.
-- In a real application, PKs might be generated by `DEFAULT uuid_generate_v4()`
-- and retrieved using RETURNING clause if needed for subsequent inserts.

-- Clean up existing data (optional, use with caution)
/*
DELETE FROM "Message";
DELETE FROM "Review";
DELETE FROM "Payment";
DELETE FROM "Booking";
DELETE FROM "Property";
DELETE FROM "User";
*/

-- Insert Users
-- Using explicit UUIDs to reference them later as foreign keys.
INSERT INTO "User" (user_id, first_name, last_name, email, password_hash, phone_number, role, created_at) VALUES
('a0eebc99-9c0b-4ef8-bb6d-6bb9bd380a11', 'John', 'Doe', 'john.doe@example.com', 'hashed_password_123', '555-0101', 'guest', NOW() - INTERVAL '30 days'),
('a0eebc99-9c0b-4ef8-bb6d-6bb9bd380a12', 'Jane', 'Smith', 'jane.smith@example.com', 'hashed_password_456', '555-0102', 'host', NOW() - INTERVAL '25 days'),
('a0eebc99-9c0b-4ef8-bb6d-6bb9bd380a13', 'Alice', 'Brown', 'alice.brown@example.com', 'hashed_password_789', '555-0103', 'host', NOW() - INTERVAL '20 days'), -- Alice is also a host
('a0eebc99-9c0b-4ef8-bb6d-6bb9bd380a14', 'Bob', 'White', 'bob.white@example.com', 'hashed_password_abc', '555-0104', 'admin', NOW() - INTERVAL '15 days'),
('a0eebc99-9c0b-4ef8-bb6d-6bb9bd380a15', 'Charlie', 'Green', 'charlie.green@example.com', 'hashed_password_def', '555-0105', 'guest', NOW() - INTERVAL '10 days');

-- Insert Properties
INSERT INTO Property (property_id, host_id, name, description, location, price_per_night, created_at, updated_at) VALUES
('b0eebc99-9c0b-4ef8-bb6d-6bb9bd380b11', 'a0eebc99-9c0b-4ef8-bb6d-6bb9bd380a12', 'Cozy Downtown Apartment', 'A beautiful and cozy apartment in the heart of the city. Close to all amenities and transport links.', '123 Main St, Anytown, USA', 120.00, NOW() - INTERVAL '24 days', NOW() - INTERVAL '5 days'),
('b0eebc99-9c0b-4ef8-bb6d-6bb9bd380b12', 'a0eebc99-9c0b-4ef8-bb6d-6bb9bd380a12', 'Sunny Beach House', 'Relaxing house with direct beach access. Perfect for a summer getaway.', '45 Beach Rd, Coastville, USA', 250.50, NOW() - INTERVAL '23 days', NOW() - INTERVAL '2 days'),
('b0eebc99-9c0b-4ef8-bb6d-6bb9bd380b13', 'a0eebc99-9c0b-4ef8-bb6d-6bb9bd380a13', 'Rustic Mountain Cabin', 'Escape to this charming cabin in the mountains. Great for hiking and nature lovers.', '789 Pine Ln, Mountaintop, USA', 95.75, NOW() - INTERVAL '19 days', NOW() - INTERVAL '1 day');

-- Insert Bookings
INSERT INTO Booking (booking_id, property_id, user_id, start_date, end_date, total_price, status, created_at) VALUES
('c0eebc99-9c0b-4ef8-bb6d-6bb9bd380c11', 'b0eebc99-9c0b-4ef8-bb6d-6bb9bd380b11', 'a0eebc99-9c0b-4ef8-bb6d-6bb9bd380a11', CURRENT_DATE + INTERVAL '10 days', CURRENT_DATE + INTERVAL '15 days', 600.00, 'confirmed', NOW() - INTERVAL '9 days'), -- John books Cozy Apt
('c0eebc99-9c0b-4ef8-bb6d-6bb9bd380c12', 'b0eebc99-9c0b-4ef8-bb6d-6bb9bd380b12', 'a0eebc99-9c0b-4ef8-bb6d-6bb9bd380a11', CURRENT_DATE + INTERVAL '20 days', CURRENT_DATE + INTERVAL '23 days', 751.50, 'pending', NOW() - INTERVAL '8 days'),   -- John books Beach House
('c0eebc99-9c0b-4ef8-bb6d-6bb9bd380c13', 'b0eebc99-9c0b-4ef8-bb6d-6bb9bd380b13', 'a0eebc99-9c0b-4ef8-bb6d-6bb9bd380a15', CURRENT_DATE + INTERVAL '30 days', CURRENT_DATE + INTERVAL '37 days', 670.25, 'confirmed', NOW() - INTERVAL '7 days'), -- Charlie books Mountain Cabin
('c0eebc99-9c0b-4ef8-bb6d-6bb9bd380c14', 'b0eebc99-9c0b-4ef8-bb6d-6bb9bd380b11', 'a0eebc99-9c0b-4ef8-bb6d-6bb9bd380a15', CURRENT_DATE + INTERVAL '5 days', CURRENT_DATE + INTERVAL '7 days', 240.00, 'canceled', NOW() - INTERVAL '6 days');   -- Charlie books Cozy Apt, then cancels

-- Insert Payments
-- Assuming payments are made for confirmed bookings.
-- Here, payment_id will be generated by default.
INSERT INTO Payment (booking_id, amount, payment_date, payment_method) VALUES
('c0eebc99-9c0b-4ef8-bb6d-6bb9bd380c11', 600.00, NOW() - INTERVAL '9 days' + INTERVAL '1 hour', 'credit_card'), -- Payment for John's Cozy Apt booking
('c0eebc99-9c0b-4ef8-bb6d-6bb9bd380c13', 670.25, NOW() - INTERVAL '7 days' + INTERVAL '30 minutes', 'paypal');     -- Payment for Charlie's Mountain Cabin booking

-- Insert Reviews
-- Assuming reviews are left after a stay (or for simplicity, after booking confirmation for seed data)
-- review_id will be generated by default.
INSERT INTO Review (property_id, user_id, rating, comment, created_at) VALUES
('b0eebc99-9c0b-4ef8-bb6d-6bb9bd380b11', 'a0eebc99-9c0b-4ef8-bb6d-6bb9bd380a11', 5, 'Absolutely loved the Cozy Downtown Apartment! Location was perfect and the host (Jane) was very helpful. Will book again!', NOW() - INTERVAL '1 day'), -- John reviews Cozy Apt
('b0eebc99-9c0b-4ef8-bb6d-6bb9bd380b13', 'a0eebc99-9c0b-4ef8-bb6d-6bb9bd380a15', 4, 'The Rustic Mountain Cabin was a great escape. Very peaceful. A bit far from shops, but that was expected. Overall, a wonderful stay.', NOW() - INTERVAL '2 hours'); -- Charlie reviews Mountain Cabin

-- Insert Messages
-- message_id will be generated by default.
INSERT INTO Message (sender_id, recipient_id, message_body, sent_at) VALUES
('a0eebc99-9c0b-4ef8-bb6d-6bb9bd380a11', 'a0eebc99-9c0b-4ef8-bb6d-6bb9bd380a12', 'Hi Jane, I am really excited about my upcoming stay at the Cozy Apartment. Just wanted to confirm check-in details.', NOW() - INTERVAL '5 days'), -- John to Jane (host of Cozy Apt)
('a0eebc99-9c0b-4ef8-bb6d-6bb9bd380a12', 'a0eebc99-9c0b-4ef8-bb6d-6bb9bd380a11', 'Hi John, glad to hear! Check-in is anytime after 3 PM. I will send you the key code on the day of arrival. Let me know if you have other questions!', NOW() - INTERVAL '5 days' + INTERVAL '10 minutes'), -- Jane to John
('a0eebc99-9c0b-4ef8-bb6d-6bb9bd380a15', 'a0eebc99-9c0b-4ef8-bb6d-6bb9bd380a13', 'Hello Alice, looking forward to my stay at the Mountain Cabin! Is there good cell reception there?', NOW() - INTERVAL '4 days'); -- Charlie to Alice (host of Mountain Cabin)


SELECT 'Seed data inserted successfully.' AS status;